Loan_ID,Gender,Married,Dependents,Education,Self_Employed,ApplicantIncome,CoapplicantIncome,LoanAmount,Loan_Amount_Term,Credit_History,Property_Area,Loan_Status
1,0.0,0.0,0.0,1,0.0,5849,0.0,0.0,360.0,1.0,2,1
2,0.0,1.0,1.0,1,0.0,4583,1508.0,128.0,360.0,1.0,0,0
3,0.0,1.0,0.0,1,1.0,3000,0.0,66.0,360.0,1.0,2,1
4,0.0,1.0,0.0,0,0.0,2583,2358.0,120.0,360.0,1.0,2,1
5,0.0,0.0,0.0,1,0.0,6000,0.0,141.0,360.0,1.0,2,1
6,0.0,1.0,2.0,1,1.0,5417,4196.0,267.0,360.0,1.0,2,1
7,0.0,1.0,0.0,0,0.0,2333,1516.0,95.0,360.0,1.0,2,1
8,0.0,1.0,3.0,1,0.0,3036,2504.0,158.0,360.0,0.0,1,0
9,0.0,1.0,2.0,1,0.0,4006,1526.0,168.0,360.0,1.0,2,1
10,0.0,1.0,1.0,1,0.0,12841,10968.0,349.0,360.0,1.0,1,0
11,0.0,1.0,2.0,1,0.0,3200,700.0,70.0,360.0,1.0,2,1
12,0.0,1.0,2.0,1,0.0,2500,1840.0,109.0,360.0,1.0,2,1
13,0.0,1.0,2.0,1,0.0,3073,8106.0,200.0,360.0,1.0,2,1
14,0.0,0.0,0.0,1,0.0,1853,2840.0,114.0,360.0,1.0,0,0
15,0.0,1.0,2.0,1,0.0,1299,1086.0,17.0,120.0,1.0,2,1
16,0.0,0.0,0.0,1,0.0,4950,0.0,125.0,360.0,1.0,2,1
17,0.0,0.0,1.0,0,0.0,3596,0.0,100.0,240.0,0.0,2,1
18,1.0,0.0,0.0,1,0.0,3510,0.0,76.0,360.0,0.0,2,0
19,0.0,1.0,0.0,0,0.0,4887,0.0,133.0,360.0,1.0,0,0
20,0.0,1.0,0.0,1,0.0,2600,3500.0,115.0,0.0,1.0,2,1
21,0.0,1.0,0.0,0,0.0,7660,0.0,104.0,360.0,0.0,2,0
22,0.0,1.0,1.0,1,0.0,5955,5625.0,315.0,360.0,1.0,2,1
23,0.0,1.0,0.0,0,0.0,2600,1911.0,116.0,360.0,0.0,1,0
24,0.0,1.0,2.0,0,0.0,3365,1917.0,112.0,360.0,0.0,0,0
25,0.0,1.0,1.0,1,0.0,3717,2925.0,151.0,360.0,0.0,1,0
26,0.0,1.0,0.0,1,1.0,9560,0.0,191.0,360.0,1.0,1,1
27,0.0,1.0,0.0,1,0.0,2799,2253.0,122.0,360.0,1.0,1,1
28,0.0,1.0,2.0,0,0.0,4226,1040.0,110.0,360.0,1.0,2,1
29,0.0,0.0,0.0,0,0.0,1442,0.0,35.0,360.0,1.0,2,0
30,1.0,0.0,2.0,1,0.0,3750,2083.0,120.0,360.0,1.0,1,1
31,0.0,1.0,1.0,1,0.0,4166,3369.0,201.0,360.0,0.0,2,0
32,0.0,0.0,0.0,1,0.0,3167,0.0,74.0,360.0,1.0,2,0
33,0.0,0.0,1.0,1,1.0,4692,0.0,106.0,360.0,1.0,0,0
34,0.0,1.0,0.0,1,0.0,3500,1667.0,114.0,360.0,1.0,1,1
35,0.0,0.0,3.0,1,0.0,12500,3000.0,320.0,360.0,1.0,0,0
36,0.0,1.0,0.0,1,0.0,2275,2067.0,0.0,360.0,1.0,2,1
37,0.0,1.0,0.0,1,0.0,1828,1330.0,100.0,0.0,0.0,2,0
38,1.0,1.0,0.0,1,0.0,3667,1459.0,144.0,360.0,1.0,1,1
39,0.0,0.0,0.0,1,0.0,4166,7210.0,184.0,360.0,1.0,2,1
40,0.0,0.0,0.0,0,0.0,3748,1668.0,110.0,360.0,1.0,1,1
41,0.0,0.0,0.0,1,0.0,3600,0.0,80.0,360.0,1.0,2,0
42,0.0,0.0,0.0,1,0.0,1800,1213.0,47.0,360.0,1.0,2,1
43,0.0,1.0,0.0,1,0.0,2400,0.0,75.0,360.0,0.0,2,1
44,0.0,1.0,0.0,1,0.0,3941,2336.0,134.0,360.0,1.0,1,1
45,0.0,1.0,0.0,0,1.0,4695,0.0,96.0,0.0,1.0,2,1
46,1.0,0.0,0.0,1,0.0,3410,0.0,88.0,0.0,1.0,2,1
47,0.0,1.0,1.0,1,0.0,5649,0.0,44.0,360.0,1.0,2,1
48,0.0,1.0,0.0,1,0.0,5821,0.0,144.0,360.0,1.0,2,1
49,1.0,1.0,0.0,1,0.0,2645,3440.0,120.0,360.0,0.0,2,0
50,1.0,0.0,0.0,1,0.0,4000,2275.0,144.0,360.0,1.0,1,1
51,1.0,1.0,0.0,0,0.0,1928,1644.0,100.0,360.0,1.0,1,1
52,1.0,0.0,0.0,1,0.0,3086,0.0,120.0,360.0,1.0,1,1
53,1.0,0.0,0.0,1,0.0,4230,0.0,112.0,360.0,1.0,1,0
54,0.0,1.0,2.0,1,0.0,4616,0.0,134.0,360.0,1.0,2,0
55,1.0,1.0,1.0,1,1.0,11500,0.0,286.0,360.0,0.0,2,0
56,0.0,1.0,2.0,1,0.0,2708,1167.0,97.0,360.0,1.0,1,1
57,0.0,1.0,0.0,1,0.0,2132,1591.0,96.0,360.0,1.0,1,1
58,0.0,1.0,0.0,1,0.0,3366,2200.0,135.0,360.0,1.0,0,0
59,0.0,1.0,1.0,1,0.0,8080,2250.0,180.0,360.0,1.0,2,1
60,0.0,1.0,2.0,0,0.0,3357,2859.0,144.0,360.0,1.0,2,1
61,0.0,1.0,0.0,1,0.0,2500,3796.0,120.0,360.0,1.0,2,1
62,0.0,1.0,3.0,1,0.0,3029,0.0,99.0,360.0,1.0,2,1
63,0.0,1.0,0.0,0,1.0,2609,3449.0,165.0,180.0,0.0,0,0
64,0.0,1.0,1.0,1,0.0,4945,0.0,0.0,360.0,0.0,0,0
65,1.0,0.0,0.0,1,0.0,4166,0.0,116.0,360.0,0.0,1,0
66,0.0,1.0,0.0,1,0.0,5726,4595.0,258.0,360.0,1.0,1,0
67,0.0,0.0,0.0,0,0.0,3200,2254.0,126.0,180.0,0.0,2,0
68,0.0,1.0,1.0,1,0.0,10750,0.0,312.0,360.0,1.0,2,1
69,0.0,1.0,3.0,0,1.0,7100,0.0,125.0,60.0,1.0,2,1
70,1.0,0.0,0.0,1,0.0,4300,0.0,136.0,360.0,0.0,1,0
71,0.0,1.0,0.0,1,0.0,3208,3066.0,172.0,360.0,1.0,2,1
72,0.0,1.0,2.0,0,1.0,1875,1875.0,97.0,360.0,1.0,1,1
73,0.0,0.0,0.0,1,0.0,3500,0.0,81.0,300.0,1.0,1,1
74,0.0,1.0,3.0,0,0.0,4755,0.0,95.0,0.0,0.0,1,0
75,0.0,1.0,3.0,1,1.0,5266,1774.0,187.0,360.0,1.0,1,1
76,0.0,0.0,0.0,1,0.0,3750,0.0,113.0,480.0,1.0,2,0
77,0.0,0.0,0.0,1,0.0,3750,4750.0,176.0,360.0,1.0,2,0
78,0.0,1.0,1.0,1,1.0,1000,3022.0,110.0,360.0,1.0,2,0
79,0.0,1.0,3.0,1,0.0,3167,4000.0,180.0,300.0,0.0,1,0
80,0.0,1.0,3.0,0,1.0,3333,2166.0,130.0,360.0,0.0,1,1
81,1.0,0.0,0.0,1,0.0,3846,0.0,111.0,360.0,1.0,1,1
82,0.0,1.0,1.0,1,1.0,2395,0.0,0.0,360.0,1.0,1,1
83,1.0,1.0,2.0,1,0.0,1378,1881.0,167.0,360.0,1.0,2,0
84,0.0,1.0,0.0,1,0.0,6000,2250.0,265.0,360.0,0.0,1,0
85,0.0,1.0,1.0,1,0.0,3988,0.0,50.0,240.0,1.0,2,1
86,0.0,0.0,0.0,1,0.0,2366,2531.0,136.0,360.0,1.0,1,1
87,0.0,1.0,2.0,0,0.0,3333,2000.0,99.0,360.0,0.0,1,1
88,0.0,1.0,0.0,1,0.0,2500,2118.0,104.0,360.0,1.0,1,1
89,0.0,0.0,0.0,1,0.0,8566,0.0,210.0,360.0,1.0,2,1
90,0.0,1.0,0.0,1,0.0,5695,4167.0,175.0,360.0,1.0,1,1
91,0.0,1.0,0.0,1,0.0,2958,2900.0,131.0,360.0,1.0,1,1
92,0.0,1.0,2.0,1,0.0,6250,5654.0,188.0,180.0,1.0,1,1
93,0.0,1.0,2.0,0,0.0,3273,1820.0,81.0,360.0,1.0,2,1
94,0.0,0.0,0.0,1,0.0,4133,0.0,122.0,360.0,1.0,1,1
95,0.0,0.0,0.0,0,0.0,3620,0.0,25.0,120.0,1.0,1,1
96,0.0,0.0,0.0,1,0.0,6782,0.0,0.0,360.0,0.0,2,0
97,1.0,1.0,0.0,1,0.0,2484,2302.0,137.0,360.0,1.0,1,1
98,0.0,1.0,0.0,1,0.0,1977,997.0,50.0,360.0,1.0,1,1
99,0.0,1.0,0.0,0,0.0,4188,0.0,115.0,180.0,1.0,1,1
100,0.0,1.0,0.0,1,0.0,1759,3541.0,131.0,360.0,1.0,1,1
101,0.0,1.0,2.0,0,0.0,4288,3263.0,133.0,180.0,1.0,2,1
102,0.0,0.0,0.0,1,0.0,4843,3806.0,151.0,360.0,1.0,1,1
103,0.0,1.0,0.0,1,0.0,13650,0.0,0.0,360.0,1.0,2,1
104,0.0,1.0,0.0,1,0.0,4652,3583.0,0.0,360.0,1.0,1,1
105,0.0,0.0,0.0,1,0.0,3816,754.0,160.0,360.0,1.0,2,1
106,0.0,1.0,1.0,1,0.0,3052,1030.0,100.0,360.0,1.0,2,1
107,0.0,1.0,2.0,1,0.0,11417,1126.0,225.0,360.0,1.0,2,1
108,0.0,0.0,0.0,0,0.0,7333,0.0,120.0,360.0,1.0,0,0
109,0.0,1.0,2.0,1,0.0,3800,3600.0,216.0,360.0,0.0,2,0
110,0.0,1.0,3.0,0,0.0,2071,754.0,94.0,480.0,1.0,1,1
111,0.0,0.0,0.0,1,0.0,5316,0.0,136.0,360.0,1.0,2,1
112,1.0,1.0,0.0,1,0.0,2929,2333.0,139.0,360.0,1.0,1,1
113,0.0,1.0,0.0,0,0.0,3572,4114.0,152.0,0.0,0.0,0,0
114,1.0,0.0,1.0,1,1.0,7451,0.0,0.0,360.0,1.0,1,1
115,0.0,0.0,0.0,1,0.0,5050,0.0,118.0,360.0,1.0,1,1
116,0.0,1.0,1.0,1,0.0,14583,0.0,185.0,180.0,1.0,0,1
117,1.0,1.0,0.0,1,0.0,3167,2283.0,154.0,360.0,1.0,1,1
118,0.0,1.0,1.0,1,0.0,2214,1398.0,85.0,360.0,0.0,2,1
119,0.0,1.0,0.0,1,0.0,5568,2142.0,175.0,360.0,1.0,0,0
120,1.0,0.0,0.0,1,0.0,10408,0.0,259.0,360.0,1.0,2,1
121,0.0,1.0,0.0,1,0.0,5667,2667.0,180.0,360.0,1.0,0,1
122,1.0,0.0,0.0,1,0.0,4166,0.0,44.0,360.0,1.0,1,1
123,1.0,0.0,0.0,1,0.0,2137,8980.0,137.0,360.0,0.0,1,1
124,0.0,1.0,2.0,1,0.0,2957,0.0,81.0,360.0,1.0,1,1
125,0.0,1.0,0.0,0,0.0,4300,2014.0,194.0,360.0,1.0,0,1
126,1.0,0.0,0.0,1,0.0,3692,0.0,93.0,360.0,0.0,0,1
127,0.0,1.0,3.0,1,0.0,23803,0.0,370.0,360.0,1.0,0,1
128,0.0,0.0,0.0,1,0.0,3865,1640.0,0.0,360.0,1.0,0,1
129,0.0,1.0,1.0,1,1.0,10513,3850.0,160.0,180.0,0.0,2,0
130,0.0,1.0,0.0,1,0.0,6080,2569.0,182.0,360.0,0.0,0,0
131,0.0,0.0,0.0,1,1.0,20166,0.0,650.0,480.0,0.0,2,1
132,0.0,0.0,0.0,1,0.0,2014,1929.0,74.0,360.0,1.0,2,1
133,0.0,0.0,0.0,1,0.0,2718,0.0,70.0,360.0,1.0,1,1
134,0.0,1.0,0.0,1,1.0,3459,0.0,25.0,120.0,1.0,1,1
135,0.0,0.0,0.0,1,0.0,4895,0.0,102.0,360.0,1.0,1,1
136,0.0,1.0,3.0,1,0.0,4000,7750.0,290.0,360.0,1.0,1,0
137,1.0,1.0,0.0,1,0.0,4583,0.0,84.0,360.0,1.0,0,0
138,0.0,1.0,2.0,1,1.0,3316,3500.0,88.0,360.0,1.0,2,1
139,0.0,0.0,0.0,1,0.0,14999,0.0,242.0,360.0,0.0,1,0
140,0.0,1.0,2.0,0,0.0,4200,1430.0,129.0,360.0,1.0,0,0
141,0.0,1.0,2.0,1,0.0,5042,2083.0,185.0,360.0,1.0,0,0
142,0.0,0.0,0.0,1,0.0,5417,0.0,168.0,360.0,1.0,2,1
143,0.0,0.0,0.0,1,1.0,6950,0.0,175.0,180.0,1.0,1,1
144,0.0,1.0,0.0,1,0.0,2698,2034.0,122.0,360.0,1.0,1,1
145,0.0,1.0,2.0,1,0.0,11757,0.0,187.0,180.0,1.0,2,1
146,1.0,1.0,0.0,1,0.0,2330,4486.0,100.0,360.0,1.0,1,1
147,1.0,1.0,2.0,1,0.0,14866,0.0,70.0,360.0,1.0,2,1
148,0.0,1.0,1.0,1,0.0,1538,1425.0,30.0,360.0,1.0,2,1
149,1.0,0.0,0.0,1,0.0,10000,1666.0,225.0,360.0,1.0,0,0
150,0.0,1.0,0.0,1,0.0,4860,830.0,125.0,360.0,1.0,1,1
151,0.0,0.0,0.0,1,0.0,6277,0.0,118.0,360.0,0.0,0,0
152,0.0,1.0,0.0,1,1.0,2577,3750.0,152.0,360.0,1.0,0,1
153,0.0,0.0,0.0,1,0.0,9166,0.0,244.0,360.0,1.0,2,0
154,0.0,1.0,2.0,0,0.0,2281,0.0,113.0,360.0,1.0,0,0
155,0.0,0.0,0.0,1,0.0,3254,0.0,50.0,360.0,1.0,2,1
156,0.0,1.0,3.0,1,0.0,39999,0.0,600.0,180.0,0.0,1,1
157,0.0,1.0,1.0,1,0.0,6000,0.0,160.0,360.0,0.0,0,1
158,0.0,1.0,1.0,1,0.0,9538,0.0,187.0,360.0,1.0,2,1
159,0.0,0.0,0.0,1,0.0,2980,2083.0,120.0,360.0,1.0,0,1
160,0.0,1.0,0.0,1,0.0,4583,5625.0,255.0,360.0,1.0,1,1
161,0.0,1.0,0.0,0,0.0,1863,1041.0,98.0,360.0,1.0,1,1
162,0.0,1.0,0.0,1,0.0,7933,0.0,275.0,360.0,1.0,2,0
163,0.0,1.0,1.0,1,0.0,3089,1280.0,121.0,360.0,0.0,1,0
164,0.0,1.0,2.0,1,0.0,4167,1447.0,158.0,360.0,1.0,0,1
165,0.0,1.0,0.0,1,0.0,9323,0.0,75.0,180.0,1.0,2,1
166,0.0,1.0,0.0,1,0.0,3707,3166.0,182.0,0.0,1.0,0,1
167,1.0,1.0,0.0,1,0.0,4583,0.0,112.0,360.0,1.0,0,0
168,0.0,1.0,0.0,1,0.0,2439,3333.0,129.0,360.0,1.0,0,1
169,0.0,0.0,0.0,1,0.0,2237,0.0,63.0,480.0,0.0,1,0
170,0.0,1.0,2.0,1,0.0,8000,0.0,200.0,360.0,1.0,1,1
171,0.0,1.0,0.0,0,0.0,1820,1769.0,95.0,360.0,1.0,0,1
172,0.0,1.0,3.0,1,0.0,51763,0.0,700.0,300.0,1.0,2,1
173,0.0,1.0,3.0,0,0.0,3522,0.0,81.0,180.0,1.0,0,0
174,0.0,1.0,0.0,1,0.0,5708,5625.0,187.0,360.0,1.0,1,1
175,0.0,1.0,0.0,0,1.0,4344,736.0,87.0,360.0,1.0,1,0
176,0.0,1.0,0.0,1,0.0,3497,1964.0,116.0,360.0,1.0,0,1
177,0.0,1.0,2.0,1,0.0,2045,1619.0,101.0,360.0,1.0,0,1
178,0.0,1.0,3.0,1,0.0,5516,11300.0,495.0,360.0,0.0,1,0
179,0.0,1.0,1.0,1,0.0,3750,0.0,116.0,360.0,1.0,1,1
180,0.0,0.0,0.0,0,0.0,2333,1451.0,102.0,480.0,0.0,2,0
181,0.0,1.0,1.0,1,0.0,6400,7250.0,180.0,360.0,0.0,2,0
182,0.0,0.0,0.0,1,0.0,1916,5063.0,67.0,360.0,0.0,0,0
183,0.0,1.0,0.0,1,0.0,4600,0.0,73.0,180.0,1.0,1,1
184,0.0,1.0,1.0,1,0.0,33846,0.0,260.0,360.0,1.0,1,0
185,1.0,1.0,0.0,1,0.0,3625,0.0,108.0,360.0,1.0,1,1
186,0.0,1.0,0.0,1,1.0,39147,4750.0,120.0,360.0,1.0,1,1
187,0.0,1.0,1.0,1,1.0,2178,0.0,66.0,300.0,0.0,0,0
188,0.0,1.0,0.0,1,0.0,2383,2138.0,58.0,360.0,0.0,0,1
189,0.0,1.0,0.0,1,1.0,674,5296.0,168.0,360.0,1.0,0,1
190,0.0,1.0,0.0,1,0.0,9328,0.0,188.0,180.0,1.0,0,1
191,0.0,0.0,0.0,0,0.0,4885,0.0,48.0,360.0,1.0,0,1
192,0.0,0.0,0.0,1,0.0,12000,0.0,164.0,360.0,1.0,1,0
193,0.0,1.0,0.0,0,0.0,6033,0.0,160.0,360.0,1.0,2,0
194,0.0,0.0,0.0,1,0.0,3858,0.0,76.0,360.0,1.0,1,1
195,0.0,0.0,0.0,1,0.0,4191,0.0,120.0,360.0,1.0,0,1
196,0.0,1.0,1.0,1,0.0,3125,2583.0,170.0,360.0,1.0,1,0
197,0.0,0.0,0.0,1,0.0,8333,3750.0,187.0,360.0,1.0,0,1
198,1.0,0.0,0.0,0,0.0,1907,2365.0,120.0,0.0,1.0,2,1
199,1.0,1.0,0.0,1,0.0,3416,2816.0,113.0,360.0,0.0,1,1
200,0.0,0.0,0.0,1,1.0,11000,0.0,83.0,360.0,1.0,2,0
201,0.0,1.0,1.0,0,0.0,2600,2500.0,90.0,360.0,1.0,1,1
202,0.0,0.0,2.0,1,0.0,4923,0.0,166.0,360.0,0.0,1,1
203,0.0,1.0,3.0,0,0.0,3992,0.0,0.0,180.0,1.0,2,0
204,0.0,1.0,1.0,0,0.0,3500,1083.0,135.0,360.0,1.0,2,1
205,0.0,1.0,2.0,0,0.0,3917,0.0,124.0,360.0,1.0,1,1
206,1.0,0.0,0.0,0,0.0,4408,0.0,120.0,360.0,1.0,1,1
207,1.0,0.0,0.0,1,0.0,3244,0.0,80.0,360.0,1.0,2,1
208,0.0,0.0,0.0,0,0.0,3975,2531.0,55.0,360.0,1.0,0,1
209,0.0,0.0,0.0,1,0.0,2479,0.0,59.0,360.0,1.0,2,1
210,0.0,0.0,0.0,1,0.0,3418,0.0,127.0,360.0,1.0,1,0
211,1.0,0.0,0.0,1,0.0,10000,0.0,214.0,360.0,1.0,1,0
212,0.0,1.0,3.0,1,0.0,3430,1250.0,128.0,360.0,0.0,1,0
213,0.0,1.0,1.0,1,1.0,7787,0.0,240.0,360.0,1.0,2,1
214,0.0,1.0,3.0,0,1.0,5703,0.0,130.0,360.0,1.0,0,1
215,0.0,1.0,0.0,1,0.0,3173,3021.0,137.0,360.0,1.0,2,1
216,0.0,1.0,3.0,0,0.0,3850,983.0,100.0,360.0,1.0,1,1
217,0.0,1.0,0.0,1,0.0,150,1800.0,135.0,360.0,1.0,0,0
218,0.0,1.0,0.0,1,0.0,3727,1775.0,131.0,360.0,1.0,1,1
219,0.0,1.0,2.0,1,0.0,5000,0.0,72.0,360.0,0.0,1,0
220,1.0,1.0,2.0,1,0.0,4283,2383.0,127.0,360.0,0.0,1,1
221,0.0,1.0,0.0,1,0.0,2221,0.0,60.0,360.0,0.0,2,0
222,0.0,1.0,2.0,1,0.0,4009,1717.0,116.0,360.0,1.0,1,1
223,0.0,0.0,0.0,1,0.0,2971,2791.0,144.0,360.0,1.0,1,1
224,0.0,1.0,0.0,1,0.0,7578,1010.0,175.0,0.0,1.0,1,1
225,0.0,1.0,0.0,1,0.0,6250,0.0,128.0,360.0,1.0,1,1
226,0.0,1.0,0.0,1,0.0,3250,0.0,170.0,360.0,1.0,0,0
227,0.0,1.0,0.0,0,1.0,4735,0.0,138.0,360.0,1.0,2,0
228,0.0,1.0,2.0,1,0.0,6250,1695.0,210.0,360.0,1.0,1,1
229,0.0,0.0,0.0,1,0.0,4758,0.0,158.0,480.0,1.0,1,1
230,0.0,0.0,0.0,1,1.0,6400,0.0,200.0,360.0,1.0,0,1
231,0.0,1.0,1.0,1,0.0,2491,2054.0,104.0,360.0,1.0,1,1
232,0.0,1.0,0.0,1,0.0,3716,0.0,42.0,180.0,1.0,0,1
233,0.0,0.0,0.0,0,0.0,3189,2598.0,120.0,0.0,1.0,0,1
234,1.0,0.0,0.0,1,0.0,8333,0.0,280.0,360.0,1.0,1,1
235,0.0,1.0,1.0,1,0.0,3155,1779.0,140.0,360.0,1.0,1,1
236,0.0,1.0,1.0,1,0.0,5500,1260.0,170.0,360.0,1.0,0,1
237,0.0,1.0,0.0,1,0.0,5746,0.0,255.0,360.0,0.0,2,0
238,1.0,0.0,0.0,1,1.0,3463,0.0,122.0,360.0,0.0,2,1
239,1.0,0.0,1.0,1,0.0,3812,0.0,112.0,360.0,1.0,0,1
240,0.0,1.0,1.0,1,0.0,3315,0.0,96.0,360.0,1.0,1,1
241,0.0,1.0,2.0,1,0.0,5819,5000.0,120.0,360.0,1.0,0,1
242,0.0,1.0,1.0,0,0.0,2510,1983.0,140.0,180.0,1.0,2,0
243,0.0,0.0,0.0,1,0.0,2965,5701.0,155.0,60.0,1.0,2,1
244,0.0,1.0,2.0,1,1.0,6250,1300.0,108.0,360.0,1.0,0,1
245,0.0,1.0,0.0,0,0.0,3406,4417.0,123.0,360.0,1.0,1,1
246,0.0,0.0,0.0,1,1.0,6050,4333.0,120.0,180.0,1.0,2,0
247,0.0,1.0,2.0,1,0.0,9703,0.0,112.0,360.0,1.0,2,1
248,0.0,1.0,1.0,0,0.0,6608,0.0,137.0,180.0,1.0,2,1
249,0.0,1.0,1.0,1,0.0,2882,1843.0,123.0,480.0,1.0,1,1
250,0.0,1.0,0.0,1,0.0,1809,1868.0,90.0,360.0,1.0,2,1
251,0.0,1.0,0.0,0,0.0,1668,3890.0,201.0,360.0,0.0,1,0
252,1.0,0.0,2.0,1,0.0,3427,0.0,138.0,360.0,1.0,2,0
253,0.0,0.0,0.0,0,1.0,2583,2167.0,104.0,360.0,1.0,0,1
254,0.0,1.0,1.0,0,0.0,2661,7101.0,279.0,180.0,1.0,1,1
255,0.0,0.0,0.0,1,1.0,16250,0.0,192.0,360.0,0.0,2,0
256,1.0,0.0,3.0,1,0.0,3083,0.0,255.0,360.0,1.0,0,1
257,0.0,0.0,0.0,0,0.0,6045,0.0,115.0,360.0,0.0,0,0
258,0.0,1.0,3.0,1,0.0,5250,0.0,94.0,360.0,1.0,2,0
259,0.0,1.0,0.0,1,0.0,14683,2100.0,304.0,360.0,1.0,0,0
260,0.0,1.0,3.0,0,0.0,4931,0.0,128.0,360.0,0.0,1,0
261,0.0,1.0,1.0,1,0.0,6083,4250.0,330.0,360.0,0.0,2,1
262,0.0,0.0,0.0,1,0.0,2060,2209.0,134.0,360.0,1.0,1,1
263,1.0,0.0,1.0,1,0.0,3481,0.0,155.0,36.0,1.0,1,0
264,1.0,0.0,0.0,1,0.0,7200,0.0,120.0,360.0,1.0,0,1
265,0.0,0.0,0.0,1,1.0,5166,0.0,128.0,360.0,1.0,1,1
266,0.0,0.0,0.0,1,0.0,4095,3447.0,151.0,360.0,1.0,0,1
267,0.0,1.0,2.0,1,0.0,4708,1387.0,150.0,360.0,1.0,1,1
268,0.0,1.0,3.0,1,0.0,4333,1811.0,160.0,360.0,0.0,2,1
269,1.0,0.0,0.0,1,0.0,3418,0.0,135.0,360.0,1.0,0,0
270,1.0,0.0,1.0,1,0.0,2876,1560.0,90.0,360.0,1.0,2,1
271,1.0,0.0,0.0,1,0.0,3237,0.0,30.0,360.0,1.0,2,1
272,0.0,1.0,0.0,1,0.0,11146,0.0,136.0,360.0,1.0,2,1
273,0.0,0.0,0.0,1,0.0,2833,1857.0,126.0,360.0,1.0,0,1
274,0.0,1.0,0.0,1,0.0,2620,2223.0,150.0,360.0,1.0,1,1
275,0.0,1.0,2.0,1,0.0,3900,0.0,90.0,360.0,1.0,1,1
276,0.0,1.0,1.0,1,0.0,2750,1842.0,115.0,360.0,1.0,1,1
277,0.0,1.0,0.0,1,0.0,3993,3274.0,207.0,360.0,1.0,1,1
278,0.0,1.0,0.0,1,0.0,3103,1300.0,80.0,360.0,1.0,2,1
279,0.0,1.0,0.0,1,0.0,14583,0.0,436.0,360.0,1.0,1,1
280,1.0,1.0,0.0,0,0.0,4100,0.0,124.0,360.0,0.0,0,1
281,0.0,0.0,1.0,0,1.0,4053,2426.0,158.0,360.0,0.0,2,0
282,0.0,1.0,0.0,1,0.0,3927,800.0,112.0,360.0,1.0,1,1
283,0.0,1.0,2.0,1,0.0,2301,985.7999878,78.0,180.0,1.0,2,1
284,1.0,0.0,0.0,1,0.0,1811,1666.0,54.0,360.0,1.0,2,1
285,0.0,1.0,0.0,1,0.0,20667,0.0,0.0,360.0,1.0,0,0
286,0.0,0.0,0.0,1,0.0,3158,3053.0,89.0,360.0,1.0,0,1
287,1.0,0.0,0.0,1,1.0,2600,1717.0,99.0,300.0,1.0,1,0
288,0.0,1.0,0.0,1,0.0,3704,2000.0,120.0,360.0,1.0,0,1
289,1.0,0.0,0.0,1,0.0,4124,0.0,115.0,360.0,1.0,1,1
290,0.0,0.0,0.0,1,0.0,9508,0.0,187.0,360.0,1.0,0,1
291,0.0,1.0,0.0,1,0.0,3075,2416.0,139.0,360.0,1.0,0,1
292,0.0,1.0,2.0,1,0.0,4400,0.0,127.0,360.0,0.0,1,0
293,0.0,1.0,2.0,1,0.0,3153,1560.0,134.0,360.0,1.0,2,1
294,1.0,0.0,0.0,1,0.0,5417,0.0,143.0,480.0,0.0,2,0
295,0.0,1.0,0.0,1,0.0,2383,3334.0,172.0,360.0,1.0,1,1
296,0.0,1.0,3.0,1,0.0,4416,1250.0,110.0,360.0,1.0,2,1
297,0.0,1.0,1.0,1,0.0,6875,0.0,200.0,360.0,1.0,1,1
298,1.0,1.0,1.0,1,0.0,4666,0.0,135.0,360.0,1.0,2,1
299,1.0,0.0,0.0,1,0.0,5000,2541.0,151.0,480.0,1.0,0,0
300,0.0,1.0,1.0,1,0.0,2014,2925.0,113.0,360.0,1.0,2,0
301,0.0,1.0,0.0,0,0.0,1800,2934.0,93.0,360.0,0.0,2,0
302,0.0,1.0,0.0,0,0.0,2875,1750.0,105.0,360.0,1.0,1,1
303,1.0,0.0,0.0,1,0.0,5000,0.0,132.0,360.0,1.0,0,1
304,0.0,1.0,1.0,1,0.0,1625,1803.0,96.0,360.0,1.0,2,1
305,0.0,0.0,0.0,1,0.0,4000,2500.0,140.0,360.0,1.0,0,1
306,0.0,0.0,0.0,0,0.0,2000,0.0,0.0,360.0,1.0,2,0
307,1.0,0.0,0.0,1,0.0,3762,1666.0,135.0,360.0,1.0,0,1
308,1.0,0.0,0.0,1,0.0,2400,1863.0,104.0,360.0,0.0,2,0
309,0.0,0.0,0.0,1,0.0,20233,0.0,480.0,360.0,1.0,0,0
310,0.0,1.0,2.0,0,0.0,7667,0.0,185.0,360.0,0.0,0,1
311,1.0,0.0,0.0,1,0.0,2917,0.0,84.0,360.0,1.0,1,1
312,0.0,0.0,0.0,0,0.0,2927,2405.0,111.0,360.0,1.0,1,1
313,1.0,0.0,0.0,1,0.0,2507,0.0,56.0,360.0,1.0,0,1
314,0.0,1.0,2.0,1,1.0,5746,0.0,144.0,84.0,0.0,0,1
315,0.0,1.0,0.0,1,0.0,2473,1843.0,159.0,360.0,1.0,0,0
316,0.0,1.0,1.0,0,0.0,3399,1640.0,111.0,180.0,1.0,2,1
317,0.0,1.0,2.0,1,0.0,3717,0.0,120.0,360.0,1.0,1,1
318,0.0,1.0,0.0,1,0.0,2058,2134.0,88.0,360.0,0.0,2,1
319,1.0,0.0,1.0,1,0.0,3541,0.0,112.0,360.0,0.0,1,1
320,0.0,1.0,1.0,1,1.0,10000,0.0,155.0,360.0,1.0,0,0
321,0.0,1.0,0.0,1,0.0,2400,2167.0,115.0,360.0,1.0,1,1
322,0.0,1.0,3.0,1,0.0,4342,189.0,124.0,360.0,1.0,1,1
323,0.0,1.0,2.0,0,0.0,3601,1590.0,0.0,360.0,1.0,0,1
324,1.0,0.0,0.0,1,0.0,3166,2985.0,132.0,360.0,0.0,0,1
325,0.0,1.0,3.0,1,0.0,15000,0.0,300.0,360.0,1.0,0,1
326,0.0,1.0,1.0,1,1.0,8666,4983.0,376.0,360.0,0.0,0,0
327,0.0,0.0,0.0,1,0.0,4917,0.0,130.0,360.0,0.0,0,1
328,0.0,1.0,0.0,1,1.0,5818,2160.0,184.0,360.0,1.0,1,1
329,1.0,1.0,0.0,1,0.0,4333,2451.0,110.0,360.0,1.0,2,0
330,1.0,0.0,0.0,1,0.0,2500,0.0,67.0,360.0,1.0,2,1
331,0.0,0.0,1.0,1,0.0,4384,1793.0,117.0,360.0,1.0,2,1
332,0.0,0.0,0.0,1,0.0,2935,0.0,98.0,360.0,1.0,1,1
333,0.0,0.0,0.0,1,0.0,2833,0.0,71.0,360.0,1.0,2,1
334,0.0,1.0,0.0,1,0.0,63337,0.0,490.0,180.0,1.0,2,1
335,0.0,1.0,1.0,1,1.0,9833,1833.0,182.0,180.0,1.0,2,1
336,0.0,1.0,0.0,1,1.0,5503,4490.0,70.0,0.0,1.0,1,1
337,0.0,1.0,1.0,1,0.0,5250,688.0,160.0,360.0,1.0,0,1
338,0.0,1.0,2.0,1,1.0,2500,4600.0,176.0,360.0,1.0,0,1
339,1.0,0.0,3.0,0,0.0,1830,0.0,0.0,360.0,0.0,2,0
340,1.0,0.0,0.0,1,0.0,4160,0.0,71.0,360.0,1.0,1,1
341,0.0,1.0,3.0,0,0.0,2647,1587.0,173.0,360.0,1.0,0,0
342,1.0,0.0,0.0,1,0.0,2378,0.0,46.0,360.0,1.0,0,0
343,0.0,1.0,1.0,0,0.0,4554,1229.0,158.0,360.0,1.0,2,1
344,0.0,1.0,3.0,0,0.0,3173,0.0,74.0,360.0,1.0,1,1
345,0.0,1.0,2.0,1,0.0,2583,2330.0,125.0,360.0,1.0,0,1
346,0.0,1.0,0.0,1,0.0,2499,2458.0,160.0,360.0,1.0,1,1
347,0.0,1.0,0.0,0,0.0,3523,3230.0,152.0,360.0,0.0,0,0
348,0.0,1.0,2.0,0,0.0,3083,2168.0,126.0,360.0,1.0,2,1
349,0.0,1.0,0.0,1,0.0,6333,4583.0,259.0,360.0,0.0,1,1
350,0.0,1.0,0.0,1,0.0,2625,6250.0,187.0,360.0,1.0,0,1
351,0.0,1.0,0.0,1,0.0,9083,0.0,228.0,360.0,1.0,1,1
352,0.0,0.0,0.0,1,0.0,8750,4167.0,308.0,360.0,1.0,0,0
353,0.0,1.0,3.0,1,0.0,2666,2083.0,95.0,360.0,1.0,0,1
354,1.0,1.0,0.0,1,1.0,5500,0.0,105.0,360.0,0.0,0,0
355,1.0,1.0,0.0,1,0.0,2423,505.0,130.0,360.0,1.0,1,1
356,1.0,0.0,0.0,1,0.0,3813,0.0,116.0,180.0,1.0,2,1
357,0.0,1.0,2.0,1,0.0,8333,3167.0,165.0,360.0,1.0,0,1
358,0.0,1.0,1.0,1,0.0,3875,0.0,67.0,360.0,1.0,2,0
359,0.0,1.0,0.0,0,0.0,3000,1666.0,100.0,480.0,0.0,2,0
360,0.0,1.0,3.0,1,0.0,5167,3167.0,200.0,360.0,1.0,1,1
361,1.0,0.0,1.0,1,0.0,4723,0.0,81.0,360.0,1.0,1,0
362,0.0,1.0,2.0,1,0.0,5000,3667.0,236.0,360.0,1.0,1,1
363,0.0,1.0,0.0,1,0.0,4750,2333.0,130.0,360.0,1.0,2,1
364,0.0,1.0,0.0,1,0.0,3013,3033.0,95.0,300.0,0.0,2,1
365,0.0,0.0,0.0,1,1.0,6822,0.0,141.0,360.0,1.0,0,1
366,0.0,0.0,0.0,0,0.0,6216,0.0,133.0,360.0,1.0,0,0
367,0.0,0.0,0.0,1,0.0,2500,0.0,96.0,480.0,1.0,1,0
368,0.0,0.0,0.0,1,0.0,5124,0.0,124.0,0.0,0.0,0,0
369,0.0,1.0,1.0,1,0.0,6325,0.0,175.0,360.0,1.0,1,1
370,0.0,1.0,0.0,1,0.0,19730,5266.0,570.0,360.0,1.0,0,0
371,1.0,0.0,0.0,1,1.0,15759,0.0,55.0,360.0,1.0,1,1
372,0.0,1.0,2.0,1,0.0,5185,0.0,155.0,360.0,1.0,1,1
373,0.0,1.0,2.0,1,1.0,9323,7873.0,380.0,300.0,1.0,0,1
374,0.0,0.0,1.0,1,0.0,3062,1987.0,111.0,180.0,0.0,2,0
375,1.0,0.0,0.0,1,0.0,2764,1459.0,110.0,360.0,1.0,2,1
376,0.0,1.0,0.0,1,0.0,4817,923.0,120.0,180.0,1.0,2,1
377,0.0,1.0,3.0,1,0.0,8750,4996.0,130.0,360.0,1.0,0,1
378,0.0,1.0,0.0,1,0.0,4310,0.0,130.0,360.0,0.0,1,1
379,0.0,0.0,0.0,1,0.0,3069,0.0,71.0,480.0,1.0,2,0
380,0.0,1.0,2.0,1,0.0,5391,0.0,130.0,360.0,1.0,2,1
381,0.0,1.0,0.0,1,0.0,3333,2500.0,128.0,360.0,1.0,1,1
382,0.0,0.0,0.0,1,0.0,5941,4232.0,296.0,360.0,1.0,1,1
383,1.0,0.0,0.0,1,0.0,6000,0.0,156.0,360.0,1.0,2,1
384,0.0,0.0,0.0,1,1.0,7167,0.0,128.0,360.0,1.0,2,1
385,0.0,1.0,2.0,1,0.0,4566,0.0,100.0,360.0,1.0,2,0
386,0.0,0.0,1.0,1,0.0,3667,0.0,113.0,180.0,1.0,2,1
387,0.0,0.0,0.0,0,0.0,2346,1600.0,132.0,360.0,1.0,1,1
388,0.0,1.0,0.0,0,0.0,3010,3136.0,0.0,360.0,0.0,2,0
389,0.0,1.0,0.0,1,0.0,2333,2417.0,136.0,360.0,1.0,2,1
390,0.0,1.0,0.0,1,0.0,5488,0.0,125.0,360.0,1.0,0,1
391,0.0,0.0,3.0,1,0.0,9167,0.0,185.0,360.0,1.0,0,1
392,0.0,1.0,3.0,1,0.0,9504,0.0,275.0,360.0,1.0,0,1
393,0.0,1.0,0.0,1,0.0,2583,2115.0,120.0,360.0,0.0,2,1
394,0.0,1.0,2.0,0,0.0,1993,1625.0,113.0,180.0,1.0,1,1
395,0.0,1.0,2.0,1,0.0,3100,1400.0,113.0,360.0,1.0,2,1
396,0.0,1.0,2.0,1,0.0,3276,484.0,135.0,360.0,0.0,1,1
397,1.0,0.0,0.0,1,0.0,3180,0.0,71.0,360.0,0.0,2,0
398,0.0,1.0,0.0,1,0.0,3033,1459.0,95.0,360.0,1.0,2,1
399,0.0,0.0,0.0,0,0.0,3902,1666.0,109.0,360.0,1.0,0,1
400,1.0,0.0,0.0,1,0.0,1500,1800.0,103.0,360.0,0.0,1,0
401,0.0,1.0,2.0,0,0.0,2889,0.0,45.0,180.0,0.0,2,0
402,0.0,0.0,0.0,0,0.0,2755,0.0,65.0,300.0,1.0,0,0
403,0.0,0.0,0.0,1,0.0,2500,20000.0,103.0,360.0,1.0,1,1
404,1.0,0.0,0.0,0,0.0,1963,0.0,53.0,360.0,1.0,1,1
405,1.0,0.0,0.0,1,1.0,7441,0.0,194.0,360.0,1.0,0,0
406,1.0,0.0,0.0,1,0.0,4547,0.0,115.0,360.0,1.0,1,1
407,0.0,1.0,0.0,0,0.0,2167,2400.0,115.0,360.0,1.0,2,1
408,1.0,0.0,0.0,0,0.0,2213,0.0,66.0,360.0,1.0,0,1
409,0.0,1.0,1.0,1,0.0,8300,0.0,152.0,300.0,0.0,1,0
410,0.0,1.0,3.0,1,0.0,81000,0.0,360.0,360.0,0.0,0,0
411,1.0,0.0,1.0,0,1.0,3867,0.0,62.0,360.0,1.0,1,0
412,0.0,1.0,0.0,1,0.0,6256,0.0,160.0,360.0,0.0,2,1
413,0.0,1.0,0.0,0,0.0,6096,0.0,218.0,360.0,0.0,0,0
414,0.0,1.0,0.0,0,0.0,2253,2033.0,110.0,360.0,1.0,0,1
415,1.0,1.0,0.0,0,0.0,2149,3237.0,178.0,360.0,0.0,1,0
416,1.0,0.0,0.0,1,0.0,2995,0.0,60.0,360.0,1.0,2,1
417,1.0,0.0,1.0,1,0.0,2600,0.0,160.0,360.0,1.0,2,0
418,0.0,1.0,2.0,1,1.0,1600,20000.0,239.0,360.0,1.0,2,0
419,0.0,1.0,0.0,1,0.0,1025,2773.0,112.0,360.0,1.0,0,1
420,0.0,1.0,0.0,1,0.0,3246,1417.0,138.0,360.0,1.0,1,1
421,0.0,1.0,0.0,1,0.0,5829,0.0,138.0,360.0,1.0,0,1
422,1.0,0.0,0.0,0,0.0,2720,0.0,80.0,0.0,0.0,2,0
423,0.0,1.0,0.0,1,0.0,1820,1719.0,100.0,360.0,1.0,2,1
424,0.0,1.0,1.0,1,0.0,7250,1667.0,110.0,0.0,0.0,2,0
425,0.0,1.0,0.0,1,0.0,14880,0.0,96.0,360.0,1.0,1,1
426,0.0,1.0,0.0,1,0.0,2666,4300.0,121.0,360.0,1.0,0,1
427,1.0,0.0,1.0,0,0.0,4606,0.0,81.0,360.0,1.0,0,0
428,0.0,1.0,2.0,1,0.0,5935,0.0,133.0,360.0,1.0,1,1
429,0.0,1.0,0.0,1,0.0,2920,16.12000084,87.0,360.0,1.0,0,1
430,0.0,0.0,0.0,0,0.0,2717,0.0,60.0,180.0,1.0,2,1
431,1.0,0.0,1.0,1,1.0,8624,0.0,150.0,360.0,1.0,1,1
432,0.0,0.0,0.0,1,0.0,6500,0.0,105.0,360.0,0.0,0,0
433,0.0,0.0,0.0,1,0.0,12876,0.0,405.0,360.0,1.0,1,1
434,0.0,1.0,0.0,1,0.0,2425,2340.0,143.0,360.0,1.0,1,1
435,0.0,0.0,0.0,1,0.0,3750,0.0,100.0,360.0,1.0,2,1
436,1.0,0.0,0.0,1,0.0,10047,0.0,0.0,240.0,1.0,1,1
437,0.0,0.0,0.0,1,0.0,1926,1851.0,50.0,360.0,1.0,1,1
438,0.0,1.0,0.0,1,0.0,2213,1125.0,0.0,360.0,1.0,2,1
439,0.0,0.0,0.0,1,1.0,10416,0.0,187.0,360.0,0.0,2,0
440,1.0,1.0,0.0,0,1.0,7142,0.0,138.0,360.0,1.0,0,1
441,0.0,0.0,0.0,1,0.0,3660,5064.0,187.0,360.0,1.0,1,1
442,0.0,1.0,0.0,1,0.0,7901,1833.0,180.0,360.0,1.0,0,1
443,0.0,0.0,3.0,0,0.0,4707,1993.0,148.0,360.0,1.0,1,1
444,0.0,0.0,1.0,1,0.0,37719,0.0,152.0,360.0,1.0,1,1
445,0.0,1.0,0.0,1,0.0,7333,8333.0,175.0,300.0,0.0,0,1
446,0.0,1.0,1.0,1,1.0,3466,1210.0,130.0,360.0,1.0,0,1
447,0.0,1.0,2.0,0,0.0,4652,0.0,110.0,360.0,1.0,0,1
448,0.0,1.0,0.0,1,0.0,3539,1376.0,55.0,360.0,1.0,0,0
449,0.0,1.0,2.0,1,0.0,3340,1710.0,150.0,360.0,0.0,0,0
450,0.0,0.0,1.0,0,1.0,2769,1542.0,190.0,360.0,0.0,1,0
451,0.0,1.0,2.0,0,0.0,2309,1255.0,125.0,360.0,0.0,0,0
452,0.0,1.0,2.0,0,0.0,1958,1456.0,60.0,300.0,0.0,2,1
453,0.0,1.0,0.0,1,0.0,3948,1733.0,149.0,360.0,0.0,0,0
454,0.0,1.0,0.0,1,0.0,2483,2466.0,90.0,180.0,0.0,0,1
455,0.0,0.0,0.0,1,1.0,7085,0.0,84.0,360.0,1.0,1,1
456,0.0,1.0,2.0,1,0.0,3859,0.0,96.0,360.0,1.0,1,1
457,0.0,1.0,0.0,1,0.0,4301,0.0,118.0,360.0,1.0,2,1
458,0.0,1.0,0.0,1,0.0,3708,2569.0,173.0,360.0,1.0,2,0
459,0.0,0.0,2.0,1,0.0,4354,0.0,136.0,360.0,1.0,0,1
460,0.0,1.0,0.0,1,0.0,8334,0.0,160.0,360.0,1.0,1,0
461,0.0,1.0,0.0,1,1.0,2083,4083.0,160.0,360.0,0.0,1,1
462,0.0,1.0,3.0,1,0.0,7740,0.0,128.0,180.0,1.0,2,1
463,0.0,1.0,0.0,1,0.0,3015,2188.0,153.0,360.0,1.0,0,1
464,1.0,0.0,1.0,0,0.0,5191,0.0,132.0,360.0,1.0,1,1
465,0.0,0.0,0.0,1,0.0,4166,0.0,98.0,360.0,0.0,1,0
466,0.0,0.0,0.0,1,0.0,6000,0.0,140.0,360.0,1.0,0,1
467,0.0,1.0,3.0,0,0.0,2947,1664.0,70.0,180.0,0.0,2,0
468,0.0,1.0,0.0,1,0.0,16692,0.0,110.0,360.0,1.0,1,1
469,1.0,1.0,2.0,0,0.0,210,2917.0,98.0,360.0,1.0,1,1
470,0.0,1.0,0.0,1,0.0,4333,2451.0,110.0,360.0,1.0,2,0
471,0.0,1.0,1.0,1,1.0,3450,2079.0,162.0,360.0,1.0,1,1
472,0.0,1.0,1.0,0,0.0,2653,1500.0,113.0,180.0,0.0,0,0
473,0.0,1.0,3.0,1,0.0,4691,0.0,100.0,360.0,1.0,1,1
474,1.0,0.0,0.0,1,1.0,2500,0.0,93.0,360.0,0.0,2,1
475,0.0,0.0,2.0,1,0.0,5532,4648.0,162.0,360.0,1.0,0,1
476,0.0,1.0,2.0,1,1.0,16525,1014.0,150.0,360.0,1.0,0,1
477,0.0,1.0,2.0,1,0.0,6700,1750.0,230.0,300.0,1.0,1,1
478,0.0,1.0,2.0,1,0.0,2873,1872.0,132.0,360.0,0.0,1,0
479,0.0,1.0,1.0,1,1.0,16667,2250.0,86.0,360.0,1.0,1,1
480,0.0,1.0,2.0,1,0.0,2947,1603.0,0.0,360.0,1.0,2,0
481,1.0,0.0,0.0,0,0.0,4350,0.0,154.0,360.0,1.0,0,1
482,0.0,1.0,3.0,0,0.0,3095,0.0,113.0,360.0,1.0,0,1
483,0.0,1.0,0.0,1,0.0,2083,3150.0,128.0,360.0,1.0,1,1
484,0.0,1.0,0.0,1,0.0,10833,0.0,234.0,360.0,1.0,1,1
485,0.0,1.0,2.0,1,0.0,8333,0.0,246.0,360.0,1.0,1,1
486,0.0,1.0,1.0,0,0.0,1958,2436.0,131.0,360.0,1.0,0,1
487,0.0,0.0,2.0,1,0.0,3547,0.0,80.0,360.0,0.0,0,0
488,0.0,1.0,1.0,1,0.0,18333,0.0,500.0,360.0,1.0,2,0
489,0.0,1.0,2.0,1,1.0,4583,2083.0,160.0,360.0,1.0,1,1
490,0.0,0.0,0.0,1,0.0,2435,0.0,75.0,360.0,1.0,2,0
491,0.0,0.0,0.0,0,0.0,2699,2785.0,96.0,360.0,0.0,1,1
492,0.0,1.0,1.0,0,0.0,5333,1131.0,186.0,360.0,0.0,2,1
493,0.0,0.0,0.0,0,0.0,3691,0.0,110.0,360.0,1.0,0,1
494,1.0,0.0,0.0,0,1.0,17263,0.0,225.0,360.0,1.0,1,1
495,0.0,1.0,0.0,1,0.0,3597,2157.0,119.0,360.0,0.0,0,0
496,1.0,1.0,1.0,1,0.0,3326,913.0,105.0,84.0,1.0,1,1
497,0.0,1.0,0.0,0,0.0,2600,1700.0,107.0,360.0,1.0,0,1
498,0.0,1.0,0.0,1,0.0,4625,2857.0,111.0,12.0,0.0,2,1
499,0.0,1.0,1.0,1,1.0,2895,0.0,95.0,360.0,1.0,1,1
500,0.0,0.0,0.0,1,0.0,6283,4416.0,209.0,360.0,0.0,0,0
501,1.0,0.0,0.0,1,0.0,645,3683.0,113.0,480.0,1.0,0,1
502,1.0,0.0,0.0,1,0.0,3159,0.0,100.0,360.0,1.0,1,1
503,0.0,1.0,2.0,1,0.0,4865,5624.0,208.0,360.0,1.0,1,1
504,0.0,1.0,1.0,0,0.0,4050,5302.0,138.0,360.0,0.0,0,0
505,0.0,1.0,0.0,0,0.0,3814,1483.0,124.0,300.0,1.0,1,1
506,0.0,1.0,2.0,1,0.0,3510,4416.0,243.0,360.0,1.0,0,1
507,0.0,1.0,0.0,1,0.0,20833,6667.0,480.0,360.0,0.0,2,1
508,0.0,0.0,0.0,1,0.0,3583,0.0,96.0,360.0,1.0,2,0
509,0.0,1.0,0.0,1,1.0,2479,3013.0,188.0,360.0,1.0,2,1
510,1.0,0.0,1.0,1,0.0,13262,0.0,40.0,360.0,1.0,2,1
511,0.0,0.0,0.0,0,0.0,3598,1287.0,100.0,360.0,1.0,0,0
512,0.0,1.0,1.0,1,0.0,6065,2004.0,250.0,360.0,1.0,1,1
513,0.0,1.0,2.0,1,0.0,3283,2035.0,148.0,360.0,1.0,2,1
514,0.0,1.0,0.0,1,0.0,2130,6666.0,70.0,180.0,1.0,1,0
515,0.0,0.0,0.0,1,0.0,5815,3666.0,311.0,360.0,1.0,0,0
516,0.0,1.0,3.0,1,0.0,3466,3428.0,150.0,360.0,1.0,0,1
517,1.0,1.0,2.0,1,0.0,2031,1632.0,113.0,480.0,1.0,1,1
518,0.0,1.0,0.0,0,0.0,3074,1800.0,123.0,360.0,0.0,1,0
519,0.0,0.0,0.0,1,0.0,4683,1915.0,185.0,360.0,1.0,1,0
520,1.0,0.0,0.0,0,0.0,3400,0.0,95.0,360.0,1.0,0,0
521,0.0,1.0,2.0,0,0.0,2192,1742.0,45.0,360.0,1.0,1,1
522,0.0,0.0,0.0,1,0.0,2500,0.0,55.0,360.0,1.0,1,1
523,0.0,1.0,3.0,1,1.0,5677,1424.0,100.0,360.0,1.0,0,1
524,0.0,1.0,2.0,1,1.0,7948,7166.0,480.0,360.0,1.0,0,1
525,0.0,0.0,0.0,1,0.0,4680,2087.0,0.0,360.0,1.0,1,0
526,0.0,1.0,2.0,1,1.0,17500,0.0,400.0,360.0,1.0,0,1
527,0.0,1.0,0.0,1,0.0,3775,0.0,110.0,360.0,1.0,1,1
528,0.0,1.0,1.0,0,0.0,5285,1430.0,161.0,360.0,0.0,1,1
529,0.0,0.0,1.0,0,0.0,2679,1302.0,94.0,360.0,1.0,1,1
530,0.0,0.0,0.0,0,0.0,6783,0.0,130.0,360.0,1.0,1,1
531,0.0,1.0,0.0,1,0.0,1025,5500.0,216.0,360.0,0.0,0,1
532,0.0,1.0,3.0,1,0.0,4281,0.0,100.0,360.0,1.0,2,1
533,0.0,0.0,2.0,1,0.0,3588,0.0,110.0,360.0,0.0,0,0
534,0.0,0.0,1.0,1,0.0,11250,0.0,196.0,360.0,0.0,1,0
535,1.0,0.0,0.0,0,1.0,18165,0.0,125.0,360.0,1.0,2,1
536,0.0,0.0,0.0,0,0.0,2550,2042.0,126.0,360.0,1.0,0,1
537,0.0,1.0,0.0,1,0.0,6133,3906.0,324.0,360.0,1.0,2,1
538,0.0,0.0,2.0,1,0.0,3617,0.0,107.0,360.0,1.0,1,1
539,0.0,1.0,0.0,0,0.0,2917,536.0,66.0,360.0,1.0,0,0
540,0.0,1.0,3.0,1,0.0,6417,0.0,157.0,180.0,1.0,0,1
541,1.0,1.0,1.0,1,0.0,4608,2845.0,140.0,180.0,1.0,1,1
542,1.0,0.0,0.0,1,0.0,2138,0.0,99.0,360.0,0.0,1,0
543,1.0,0.0,1.0,1,0.0,3652,0.0,95.0,360.0,1.0,1,1
544,0.0,1.0,1.0,0,0.0,2239,2524.0,128.0,360.0,1.0,2,1
545,1.0,1.0,0.0,0,0.0,3017,663.0,102.0,360.0,0.0,1,1
546,0.0,1.0,0.0,1,0.0,2768,1950.0,155.0,360.0,1.0,0,1
547,0.0,0.0,0.0,0,0.0,3358,0.0,80.0,36.0,1.0,1,0
548,0.0,0.0,0.0,1,0.0,2526,1783.0,145.0,360.0,1.0,0,1
549,1.0,0.0,0.0,1,0.0,5000,0.0,103.0,360.0,0.0,1,0
550,0.0,1.0,0.0,1,0.0,2785,2016.0,110.0,360.0,1.0,0,1
551,0.0,1.0,2.0,1,1.0,6633,0.0,0.0,360.0,0.0,0,0
552,0.0,1.0,1.0,0,0.0,2492,2375.0,0.0,360.0,1.0,0,1
553,0.0,1.0,1.0,1,0.0,3333,3250.0,158.0,360.0,1.0,2,1
554,0.0,1.0,0.0,0,0.0,2454,2333.0,181.0,360.0,0.0,2,0
555,0.0,1.0,0.0,1,0.0,3593,4266.0,132.0,180.0,0.0,0,0
556,0.0,1.0,1.0,1,0.0,5468,1032.0,26.0,360.0,1.0,1,1
557,1.0,0.0,0.0,1,0.0,2667,1625.0,84.0,360.0,0.0,2,1
558,0.0,1.0,3.0,1,1.0,10139,0.0,260.0,360.0,1.0,1,1
559,0.0,1.0,0.0,1,0.0,3887,2669.0,162.0,360.0,1.0,1,1
560,1.0,1.0,0.0,1,0.0,4180,2306.0,182.0,360.0,1.0,1,1
561,0.0,1.0,2.0,0,0.0,3675,242.0,108.0,360.0,1.0,1,1
562,1.0,1.0,1.0,1,1.0,19484,0.0,600.0,360.0,1.0,1,1
563,0.0,1.0,0.0,1,0.0,5923,2054.0,211.0,360.0,1.0,0,1
564,0.0,0.0,0.0,0,1.0,5800,0.0,132.0,360.0,1.0,1,1
565,0.0,1.0,2.0,1,0.0,8799,0.0,258.0,360.0,0.0,2,0
566,0.0,1.0,0.0,0,0.0,4467,0.0,120.0,360.0,0.0,0,1
567,0.0,0.0,0.0,1,0.0,3333,0.0,70.0,360.0,1.0,2,1
568,0.0,1.0,3.0,1,0.0,3400,2500.0,123.0,360.0,0.0,0,0
569,1.0,0.0,0.0,1,0.0,2378,0.0,9.0,360.0,1.0,2,0
570,0.0,1.0,0.0,1,0.0,3166,2064.0,104.0,360.0,0.0,2,0
571,0.0,1.0,1.0,1,0.0,3417,1750.0,186.0,360.0,1.0,2,1
572,0.0,1.0,0.0,1,0.0,5116,1451.0,165.0,360.0,0.0,2,0
573,0.0,1.0,2.0,1,0.0,16666,0.0,275.0,360.0,1.0,2,1
574,0.0,1.0,2.0,0,0.0,6125,1625.0,187.0,480.0,1.0,1,0
575,0.0,1.0,3.0,1,0.0,6406,0.0,150.0,360.0,1.0,1,0
576,0.0,1.0,2.0,1,0.0,3159,461.0,108.0,84.0,1.0,2,1
577,0.0,1.0,0.0,1,0.0,3087,2210.0,136.0,360.0,0.0,1,0
578,0.0,0.0,0.0,1,0.0,3229,2739.0,110.0,360.0,1.0,2,1
579,0.0,1.0,1.0,1,0.0,1782,2232.0,107.0,360.0,1.0,0,1
580,0.0,0.0,0.0,1,0.0,3182,2917.0,161.0,360.0,1.0,2,1
581,0.0,1.0,2.0,1,0.0,6540,0.0,205.0,360.0,1.0,1,1
582,0.0,0.0,0.0,1,0.0,1836,33837.0,90.0,360.0,1.0,2,0
583,1.0,1.0,0.0,1,0.0,3166,0.0,36.0,360.0,1.0,1,1
584,0.0,1.0,1.0,1,0.0,1880,0.0,61.0,360.0,0.0,0,0
585,0.0,1.0,1.0,1,0.0,2787,1917.0,146.0,360.0,0.0,0,0
586,0.0,1.0,1.0,1,0.0,4283,3000.0,172.0,84.0,1.0,0,0
587,0.0,1.0,0.0,1,0.0,2297,1522.0,104.0,360.0,1.0,2,1
588,1.0,0.0,0.0,0,0.0,2165,0.0,70.0,360.0,1.0,1,1
589,0.0,0.0,0.0,1,0.0,4750,0.0,94.0,360.0,1.0,1,1
590,0.0,1.0,2.0,1,1.0,2726,0.0,106.0,360.0,0.0,1,0
591,0.0,1.0,0.0,1,0.0,3000,3416.0,56.0,180.0,1.0,1,1
592,0.0,1.0,2.0,1,1.0,6000,0.0,205.0,240.0,1.0,1,0
593,0.0,0.0,3.0,1,1.0,9357,0.0,292.0,360.0,1.0,1,1
594,0.0,1.0,0.0,1,0.0,3859,3300.0,142.0,180.0,1.0,0,1
595,0.0,1.0,0.0,1,1.0,16120,0.0,260.0,360.0,1.0,2,1
596,0.0,0.0,0.0,0,0.0,3833,0.0,110.0,360.0,1.0,0,1
597,0.0,1.0,2.0,0,1.0,6383,1000.0,187.0,360.0,1.0,0,0
598,0.0,0.0,0.0,1,0.0,2987,0.0,88.0,360.0,0.0,1,0
599,0.0,1.0,0.0,1,1.0,9963,0.0,180.0,360.0,1.0,0,1
600,0.0,1.0,2.0,1,0.0,5780,0.0,192.0,360.0,1.0,2,1
601,1.0,0.0,3.0,1,0.0,416,41667.0,350.0,180.0,0.0,2,0
602,0.0,1.0,0.0,0,0.0,2894,2792.0,155.0,360.0,1.0,0,1
603,0.0,1.0,3.0,1,0.0,5703,0.0,128.0,360.0,1.0,2,1
604,0.0,0.0,0.0,1,0.0,3676,4301.0,172.0,360.0,1.0,0,1
605,1.0,1.0,1.0,1,0.0,12000,0.0,496.0,360.0,1.0,1,1
606,0.0,1.0,0.0,0,0.0,2400,3800.0,0.0,180.0,1.0,2,0
607,0.0,1.0,1.0,1,0.0,3400,2500.0,173.0,360.0,1.0,1,1
608,0.0,1.0,2.0,0,0.0,3987,1411.0,157.0,360.0,1.0,0,1
609,0.0,1.0,0.0,1,0.0,3232,1950.0,108.0,360.0,1.0,0,1
610,1.0,0.0,0.0,1,0.0,2900,0.0,71.0,360.0,1.0,0,1
611,0.0,1.0,3.0,1,0.0,4106,0.0,40.0,180.0,1.0,0,1
612,0.0,1.0,1.0,1,0.0,8072,240.0,253.0,360.0,1.0,2,1
613,0.0,1.0,2.0,1,0.0,7583,0.0,187.0,360.0,1.0,2,1
614,1.0,0.0,0.0,1,1.0,4583,0.0,133.0,360.0,0.0,1,0
615,0.6437021619230251,0.6437021619230251,0.6437021619230251,1,1.0,11321,0.0,213.6715388703741,360.0,0.3562978380769749,2,0
616,0.09317155845424596,0.0,0.0,1,0.0,3418,0.0,127.74537246763397,360.0,1.0,0,0
617,0.0,1.0,0.0,0,0.0,3587,4224.635898093536,137.44264498769272,131.01619511076564,0.0,0,0
618,0.0,0.6476901205413623,0.0,1,0.0,2226,0.0,61.05692963837591,402.27718553503655,0.0,1,0
619,0.0,1.0,0.0,1,0.0,3365,2199.929228728637,134.98386831314522,360.0,0.9994796230046842,0,0
620,0.0,0.352568856334169,1.942293430997493,1,0.0,13269,2682.688029299248,314.3588982986533,360.0,1.0,0,0
621,0.0,0.695218741841971,1.390437483683942,0,0.0,2316,1314.7371265989736,117.99003106236533,396.57375097896346,0.0,0,0
622,0.8353441468570583,0.0,0.32931170628588347,1,0.0,3516,0.0,76.65862341257177,360.0,0.0,1,0
623,0.0,0.46591058062455804,0.9318211612491161,0,0.0,3037,0.0,60.48859316188782,276.13609548757955,0.534089419375442,2,0
624,1.0,0.0,0.0,1,0.0,4197,0.0,114.06068011456406,360.0,0.4848299713589832,1,0
625,0.30756396710972966,0.0,0.0,1,0.0,4778,2226.634041067817,46.44215903356918,396.90767605316756,1.0,0,0
626,0.0,0.7305876662014785,2.1917629986044354,1,0.0,3438,7026.089059083373,229.9210495629297,360.0,0.7305876662014785,0,0
627,0.0,0.0,0.24412552224777417,1,0.7558744777522258,11061,0.0,110.58618401399848,360.0,0.7558744777522258,1,0
628,0.16829104217293056,0.8317089578270694,1.6634179156541389,1,0.16829104217293056,4430,0.0,128.00974625303758,360.0,0.0,1,0
629,0.7812357804269298,1.0,0.0,0,0.0,2724,3373.4956772497867,93.74829365123156,360.0,0.0,2,0
630,0.5581020020173412,0.44189799798265883,0.0,0,0.0,3333,0.0,128.1423498486994,360.0,1.0,0,0
631,0.0,1.0,2.0,1,0.0,4595,0.0,120.2695701840266,360.0,1.0,2,0
632,0.0,1.0,2.8053232586730554,1,0.0,3397,2480.5323258673056,123.77870696530778,360.0,0.06489224710898156,0,0
633,1.0,0.0,0.2539154139343447,0,0.0,2689,0.0,100.31323311474758,91.40954901636408,0.2539154139343447,2,0
634,0.0,0.2468760628386012,0.0,0,0.0,3172,2243.1374532351015,128.468760628386,224.43769131094822,0.0,1,0
635,0.30369572716021165,0.0,0.0,0,0.0,2744,0.0,69.55543590740318,208.8912818519365,0.6963042728397884,0,0
636,0.0,1.0,1.0,1,0.0,22796,0.0,430.9449415818661,360.0,1.0,1,0
637,0.0,1.0,0.0,1,0.0,3533,2143.2279155143337,116.778696050699,360.0,0.0,0,0
638,0.9977404850489419,0.0,0.0,1,0.0,3509,0.0,76.11523526250397,360.0,0.002259514951058139,1,0
639,0.0,0.266781014275285,0.266781014275285,1,0.0,19726,0.0,485.3356202855057,360.0,1.0,0,0
640,0.0,0.0,0.0,0,0.0,6212,0.0,132.57906920498775,360.0,0.9766149558326529,0,0
641,0.0,0.0,0.0,1,0.0,4681,1985.6983662907357,108.95815253612722,360.0,1.0,1,0
642,0.0,1.0,0.9669492670994516,0,0.0,2512,1980.6203472311606,139.20678241038684,185.9491319220987,0.9669492670994516,1,0
643,0.0,1.0,1.0352137440800488,0,0.0,3432,4074.6618777249582,161.66199494474714,103.5213744080049,0.0,0,0
644,1.0,0.6343513447013638,0.0,1,0.3656486552986362,4583,0.0,119.67862176127136,360.0,0.6343513447013638,0,0
645,0.6807054515547668,0.3192945484452332,0.9578836453356994,0,0.0,3513,0.0,77.59647274222617,302.52698127985803,0.3192945484452332,1,0
646,0.0,1.0,1.4071962500485908,0,0.0,3382,4060.5265424981535,165.13383166712018,140.7196250048591,0.0,0,0
647,0.44778316457309164,1.0,1.1044336708538167,1,0.0,4481,0.0,120.28325253140362,360.0,0.44778316457309164,0,0
648,0.0,0.44710691092867205,0.44710691092867205,1,0.44710691092867205,2210,0.0,64.34132073278602,399.520756032839,0.0,0,0
649,0.40730327612060646,0.0,0.0,1,0.0,3553,0.0,87.85393447758787,360.0,0.5926967238793935,2,0
650,0.0,1.0,1.9191466736672846,0,0.08085332633271525,2272,0.0,109.19989366236238,355.1488004200371,0.9191466736672848,0,0
651,0.0,1.0,1.260691087877191,0,0.0,2993,1675.8219278440968,45.46749809555275,360.0,0.6303455439385955,1,0
652,0.0,1.0,0.0,0,0.0,2489,2230.808506046926,165.25960401196733,360.0,0.0,1,0
653,0.0,0.0,0.0,0,0.0,6264,0.0,120.95290365430156,360.0,0.19686024362010413,0,0
654,0.4703006344460384,1.0,0.5296993655539616,1,0.0,2310,3167.20482673971,116.29210444112226,360.0,0.5296993655539616,2,0
655,0.0,1.0,0.01657685910515705,0,0.0,3533,3232.304183415617,152.8122660961527,360.0,0.0,0,0
656,0.6011755575554469,1.0,0.0,1,0.0,4333,2451.0,110.0,360.0,1.0,2,0
657,0.0,0.8164318732193839,0.8164318732193839,1,1.0,10076,0.0,160.87418005697972,360.0,0.8164318732193839,0,0
658,0.0,0.20165487501544888,0.0,0,0.0,1842,2858.955558251452,109.76524762467557,360.0,0.7983451249845511,0,0
659,0.0,0.15071754396542947,0.8492824560345705,0,0.8492824560345705,2803,1560.6889754517133,176.43542104311135,378.08610527585154,0.0,1,0
660,0.0,0.0,1.0163975534814373,1,0.0,3564,0.0,87.8688195721485,360.0,0.49180122325928133,0,0
661,0.0,1.0,0.6083743864182363,1,0.0,3655,4063.4113293227274,157.55172422956593,234.75369477764127,0.0,0,0
662,0.14164119518628016,0.8583588048137198,1.7167176096274397,1,0.14164119518628016,4568,0.0,104.67415944114725,360.0,0.8583588048137198,1,0
663,0.0,1.0,0.9778767156056543,1,0.0,3503,1334.9291779445625,78.79500007973759,360.0,0.6740410947981152,0,0
664,0.7797589524344517,0.2202410475655483,0.4404820951310966,1,0.7797589524344517,4579,0.0,125.73204543033691,360.0,0.2202410475655483,1,0
665,0.0,0.0,0.0,0,0.0,6094,0.0,120.19930841611568,360.0,0.2888504675619822,0,0
666,1.0,0.0,0.0,1,0.0,2378,0.0,38.95153870716947,360.0,1.0,0,0
667,0.3486659872917294,0.0,0.3486659872917294,1,0.0,2534,0.0,118.31462318667067,438.1600815249925,1.0,1,0
668,0.0,0.0,0.0,1,0.0,6298,0.0,116.74970483581153,360.0,0.0,0,0
669,0.0,0.059476735510396006,0.0,0,0.0,2764,31.879530233572268,65.0594767355104,303.5686041306238,1.0,0,0
670,0.0,1.0,1.3975720210875222,1,0.6024279789124777,9522,0.0,195.9499181720148,360.0,0.6024279789124777,0,0
671,0.0,0.5177513505274801,0.0,0,0.0,3141,2231.218940576791,131.1775135052748,273.1952430949464,0.0,1,0
672,0.0,0.837710105907328,0.0,0,0.0,2185,0.0,50.262606354439676,360.0,0.16228989409267203,2,0
673,0.6756901170392807,0.6756901170392807,0.0,1,0.0,4445,2332.951202602298,74.32591287432088,360.0,1.0,1,0
674,0.2647838807592279,1.0,0.0,0,0.0,1892,3014.2295158700463,115.50662986453437,360.0,0.0,1,0
675,0.7909283792622863,0.0,0.41814324147542736,1,0.0,3517,0.0,76.83628648295085,360.0,0.0,1,0
676,0.5414479738275658,0.0,0.5414479738275658,0,0.0,3424,0.0,120.60859803706744,36.0,1.0,1,0
677,0.3042156006549178,1.0,0.6084312013098356,1,0.0,1691,1497.6227959608598,120.38244524387949,109.51761623577042,0.3042156006549178,2,0
678,0.22855002179729966,0.0,0.0,1,0.0,2269,0.0,59.11464962944591,452.57399738432406,0.22855002179729966,0,0
679,0.17495492709593619,0.8250450729040638,0.8250450729040638,0,0.0,2490,1962.0054087484878,133.7016226245463,211.4918868772685,0.8250450729040638,2,0
680,0.01783165667056441,0.0,0.0,1,0.0,3167,0.0,73.9465050299883,360.0,0.9821683433294356,2,0
681,0.5166358912710143,0.5166358912710143,0.5166358912710143,1,0.5166358912710143,11741,0.0,227.02957873506375,360.0,0.4833641087289857,1,0
682,0.0,1.0,1.0,1,0.260829174830409,12233,9111.417933557148,299.7032859570527,313.0507485305264,0.739170825169591,1,0
683,0.0,0.9962536997579243,2.988761099273773,1,0.0,6405,0.0,149.88011839225356,360.0,0.9962536997579243,0,0
684,0.0,1.0,0.03458064871120636,0,0.0,3608,4301.82555206481,132.20748389226725,186.22451676801714,0.0,0,0
685,0.4417065463929024,0.5582934536070976,0.5582934536070976,1,0.5582934536070976,10000,0.0,181.06068623718124,360.0,1.0,0,0
686,0.0,0.8826363431893397,2.647909029568019,0,0.0,6383,0.0,148.00481783421878,360.0,1.0,0,0
687,0.0,0.8112928916586206,2.433878674975862,0,0.0,6370,0.0,146.79197915819654,360.0,1.0,0,0
688,0.2788713525921819,0.7211286474078181,2.1633859422234543,0,0.0,4058,0.0,31.233591490324372,230.19684346659272,1.0,1,0
689,0.2996421700272287,0.0,0.0,1,0.0,4185,0.0,102.1949903803812,360.0,0.2996421700272287,1,0
690,0.0,1.0,1.6933222844766118,0,0.0,2271,0.0,104.87304053863022,360.0,0.8466611422383059,0,0
691,1.0,0.8563242918780924,0.0,1,0.14367570812190755,4583,0.0,115.01718987056006,360.0,0.8563242918780924,0,0
692,1.0,0.0,0.0,1,0.5954918728778099,2519,1776.0581865598397,101.02254063561095,324.2704876273314,0.5954918728778099,1,0
693,0.0,1.0,2.11222990123904,0,0.0,4992,0.0,78.28487446938625,360.0,0.0,1,0
694,0.0,0.14907155123248728,0.14907155123248728,1,1.0,6439,4429.896508301117,158.16231711551674,206.83287922184772,0.8509284487675127,1,0
695,0.0,0.06436500577905246,0.06436500577905246,0,0.0,3769,4785.529483190037,173.554129780396,360.0,0.9356349942209475,1,0
696,0.7853406511139436,0.0,0.0,1,0.0,3138,0.0,74.64920893106296,360.0,0.0,1,0
697,0.0,1.0,0.0,0,0.0,8110,0.0,141.4633422639968,360.0,0.6689882547142286,1,0
698,0.0,1.0,0.0,1,0.0,6033,2383.760967761771,230.19698957922574,360.0,0.0,0,0
699,0.0,0.0,0.0,1,0.0,3593,0.0,85.95652426498789,360.0,1.0,2,0
700,0.0,1.0,0.11973311508444318,0,0.05986655754222159,6090,0.0,217.22173475195112,352.8160130949334,0.05986655754222159,0,0
701,0.0,0.9736638367553173,0.0,0,0.0,6099,0.0,215.761426124202,360.0,0.026336163244682687,0,0
702,0.0,1.0,2.148237075787603,1,0.0,3390,2414.82370757876,126.40705169684959,360.0,0.2839209747374657,0,0
703,0.30536386034439345,0.6946361396556066,0.6946361396556066,0,0.0,2476,1946.3563367586728,129.00690102760183,234.9654948619908,0.6946361396556066,2,0
704,0.0,0.5143862464137734,0.5143862464137734,1,0.0,4631,1705.6447977095943,155.67998395441492,360.0,1.0,0,0
705,0.0,1.0,1.0,0,0.0,2634,1953.4040065629076,142.69054485791747,260.71634573752453,0.5515758570137527,1,0
706,0.0,0.0,0.0,1,0.0,2435,0.0,75.11639328517276,360.6651044867015,1.0,1,0
707,0.0,1.0,0.0,1,0.0,3406,2192.435214134874,132.18519595716248,360.0,0.8240747473226546,0,0
708,0.0,0.018075363615520867,0.0,1,0.0,6272,4419.235490087178,209.88569281716053,360.0,0.018075363615520867,0,0
709,0.0,0.0,1.0122125696331308,1,0.0,3593,0.0,95.18318854449696,360.0,0.4938937151834346,0,0
710,0.0,1.0,0.1788227092213288,0,0.0,1838,2932.390595617008,96.57645418442658,360.0,0.1788227092213288,2,0
711,0.0,1.0,2.36646878458286,0,0.0,2432,1376.6676364815096,142.5905016599773,360.0,0.3664687845828599,0,0
712,0.2558294769434377,0.0,0.5116589538868754,1,0.0,3420,0.0,129.81412424637782,360.0,1.0,1,0
713,0.0,1.0,0.8371802272436124,0,0.0,2985,1665.4418798485042,91.62819772756387,396.2819772756388,0.0,2,0
714,0.6919392081476108,0.0,1.0,1,0.3080607918523892,4713,0.0,88.70151979630973,360.0,1.0,0,0
715,0.0,1.0,1.3723793083353022,1,0.0,3398,4144.315701327603,153.95806893336484,234.89517233341206,0.0,0,0
716,0.0,0.49118592316124,2.01762815367752,1,0.49118592316124,11524,3417.508034687054,241.4102522942016,271.5865338309768,0.50881407683876,0,0
717,0.36366738181410463,0.6363326181858954,1.2726652363717907,1,0.36366738181410463,4572,0.0,112.00102359986545,360.0,0.6363326181858954,1,0
718,0.7495381813944159,1.0,0.5009236372111683,1,0.0,4591,0.0,117.51016000932285,360.0,1.0,0,0
719,0.0,0.41012915243945613,0.0,1,0.0,3685,4551.4974902193035,157.95431729266392,286.1767525608979,0.5898708475605439,1,0
720,0.0,0.0,0.0,1,0.0,4682,1918.6304283766985,181.09517878087667,360.0,1.0,1,0
721,0.0,0.4867421529594551,0.0,1,0.0,2229,0.0,61.53977354112163,421.5909416448654,0.0,1,0
722,0.906098787718554,0.09390121228144599,0.18780242456289198,1,0.0,4309,0.0,135.154889089467,360.0,0.0,1,0
723,0.5656056344895714,0.43439436551042865,1.3031830965312858,1,0.0,5344,0.0,121.714676089989,427.87267613874855,0.43439436551042865,2,0
724,0.0,1.0,1.949764776915973,0,0.0,2991,1711.6106634464759,88.55415560781782,243.01411338504164,0.0,1,0
725,0.6451033620305648,0.35489663796943516,0.7097932759388703,0,0.0,2343,0.0,69.77807474395215,360.0,1.0,0,0
726,0.0,1.0,1.3310759403369004,0,0.0,2539,1418.8863946174595,116.97291128404281,239.59366926064206,0.0,0,0
727,0.0,1.0,2.7283351301438064,1,0.0,4325,7682.083782535951,275.05843215790935,360.0,0.8641675650719031,1,0
728,0.0,0.23018526824155527,0.6905558047246658,0,0.0,4125,0.0,75.44184371232758,318.56665171652,0.23018526824155527,1,0
729,0.0,0.5008066201152477,0.0,1,0.0,8749,0.0,201.9322439103192,360.0,1.0,1,0
730,0.0,0.4279958007908169,1.427995800790817,0,0.5720041992091831,2845,1568.1077438482398,108.68079784974479,360.0,0.4279958007908169,1,0
731,0.0,0.23144598569369101,0.694337957081073,0,0.0,4125,0.0,75.31829340201828,318.3397225751356,0.23144598569369101,1,0
732,0.9563962282455662,0.04360377175443375,0.0,1,0.0,2371,0.0,11.223792359476121,360.0,0.9563962282455662,2,0
733,0.0,0.0,0.0,0,0.0,1996,0.0,0.1907321220930669,360.0,1.0,2,0
734,0.0,1.0,1.4098335419728287,1,0.0,3008,7175.419853166182,173.38779307800746,264.59001251836975,1.0,1,0
735,0.0,1.0,0.7204396582032414,1,0.0,4296,2846.5213723535794,154.66725880860096,161.15865433590537,1.0,0,0
736,0.11650597773374105,1.0,1.766988044532518,1,0.0,4567,0.0,98.13590435626014,360.0,1.0,1,0
737,0.0,0.7477187738974139,1.4954375477948278,0,0.0,2319,0.0,103.41331340810173,360.0,1.0,0,0
738,0.0,1.0,0.0938563059520936,0,0.0,3582,4089.878929370312,155.003401790467,16.894135071376866,0.0,0,0
739,0.0,1.0,0.0,0,0.6692496953294863,4785,0.0,136.34624847664742,360.0,1.0,1,0
740,0.0,0.0,0.0,1,0.5527649668354899,18031,0.0,320.8036895513789,360.0,0.4472350331645101,1,0
741,0.0,1.0,2.0,0,0.0,3350,1798.5354588816365,133.74711382849185,360.0,0.0,0,0
742,0.0,0.019668416283954326,0.019668416283954326,1,0.019668416283954326,1836,2843.5796517636795,113.92132633486418,360.0,1.0,0,0
743,0.0,0.9246537439938718,0.9246537439938718,1,0.0,12532,10455.570112902322,345.91080350374875,360.0,1.0,0,0
744,1.0,0.0,0.6113940385743637,0,0.0,3408,0.0,108.14497182934882,360.0,1.0,0,0
745,0.19091103115034602,0.0,0.0,0,0.0,3211,0.0,78.00913165415727,360.0,1.0,1,0
746,0.0,1.0,0.0,0,0.0,2493,2219.7036103923538,163.5491343021398,360.0,0.0,1,0
747,0.5147201257236843,0.0,0.0,1,0.0,2186,0.0,81.52992452605264,418.23358491315787,0.0,1,0
748,0.0,0.6273131329059507,2.2546262658119014,0,0.3726868670940493,2692,1570.2290909807678,179.33567674059884,360.0,0.6273131329059507,0,0
749,0.3946914668094722,0.0,0.0,1,0.0,3454,0.0,106.87073519271692,360.0,0.6053085331905278,1,0
750,0.0,1.0,0.8442131407263114,0,0.0,4311,5191.858690493502,156.69442311284263,360.0,0.15578685927368863,0,0
751,0.06998316518916814,0.06998316518916814,0.0,0,0.0,1873,2867.7833165801,118.47892257210677,360.0,0.9300168348108319,0,0
752,0.0,1.0,0.9295838691504561,0,0.0,1998,2925.633745177646,111.59167738300913,360.0,0.9295838691504561,2,0
753,0.0,0.0,0.0,1,0.0,3146,0.0,73.37324384715392,385.0702461138432,1.0,2,0
754,0.3288564831759494,0.0,0.0,1,0.0,4210,0.0,110.49654636068608,360.0,0.0,1,0
755,0.0,1.0,0.3586467812961639,0,0.0,2486,1893.210549381463,152.18571115537287,295.4435793666905,1.0,0,0
756,0.25416364906973876,0.7458363509302612,1.4916727018605225,1,0.25416364906973876,4570,0.0,108.38740041930137,360.0,0.7458363509302612,1,0
757,0.0,0.29529058841893874,0.0,1,0.7047094115810613,5954,4410.366134165762,160.75010120181355,233.152305915409,1.0,1,0
758,1.0,0.0,0.6774492357613995,0,0.3225507642386005,4598,0.0,97.77263974040723,360.0,0.6774492357613995,0,0
759,0.0,1.0,2.1513302050753254,1,0.0,5037,0.0,75.32926451165716,360.0,0.15133020507532557,1,0
760,0.0,1.0,2.7267573371159424,0,0.0,5315,10480.54525401071,446.2261846751957,360.0,0.0,0,0
761,0.7089109969101186,0.2910890030898814,0.7089109969101186,0,0.2910890030898814,4643,0.0,97.59207317612324,360.0,1.0,0,0
762,0.0,0.0,0.0,1,0.0,6024,4001.3850173190694,265.38763764460657,360.0,0.5528199769079077,0,0
763,0.7034898563522015,0.2965101436477985,0.8895304309433955,0,0.0,2473,1781.1632003532077,124.4591999116981,360.0,0.2965101436477985,1,0
764,0.0,0.5802191435537235,1.160438287107447,1,0.0,4891,2012.4768161170255,185.0,360.0,1.0,0,0
765,0.0,1.0,2.0,0,0.0,3358,1863.965162675947,121.7358638565894,360.0,0.0,0,0
766,0.0,1.0,1.223027421731361,0,0.0,4956,0.0,95.69766363719349,360.0,0.3884862891343195,0,0
767,0.0,0.08159418040024036,0.24478254120072107,0,0.0,3186,2274.39854510006,128.6110137728077,194.68695247204326,0.0,1,0
768,0.0,0.9948151372260132,0.9948151372260132,1,0.9948151372260132,10503,3851.6436014993537,160.76735969055005,180.93327529931761,0.005184862773986776,1,0
769,0.37210558505136393,0.0,0.0,0,0.0,2051,0.0,36.83845292008503,360.0,0.6278944149486361,1,0
770,0.0,1.0,1.1942739535120421,0,0.0,4001,4971.345731122504,153.1533683739393,360.0,0.0,0,0
771,0.0,0.9290590830000723,1.8581181660001447,1,0.9290590830000723,2744,0.0,104.72306349400131,360.0,0.0,1,0
772,0.0,0.6032161727861116,0.0,0,0.0,7530,0.0,110.34854123542222,360.0,0.3967838272138884,1,0
773,0.0,1.0,1.1015370620787939,1,0.0,3700,2903.4233743082564,149.57848113089688,360.0,0.0,0,0
774,0.0,0.1133828510493401,0.1133828510493401,1,0.1133828510493401,9260,0.0,233.90892625660874,360.0,1.0,1,0
775,0.0,0.027616771873704704,0.027616771873704704,1,0.9723832281262953,16307,0.0,200.50596573710104,360.0,0.027616771873704704,2,0
776,0.0,0.5788648955075587,1.1577297910151174,1,0.0,5052,0.0,93.89902543360695,208.39136238272113,0.0,0,0
777,0.0,1.0,2.561525876981913,0,0.0,2914,1755.202617587762,97.1853956271214,258.92534214325565,0.0,1,0
778,0.0,1.0,1.3440522705903988,0,0.0,2988,1667.6108513468457,40.34078535869048,360.0,0.6720261352951994,1,0
779,0.32815266747473193,1.0,1.3436946650505361,1,0.0,4605,0.0,117.5923666262634,360.0,1.0,1,0
780,0.0,0.0,0.1550416167277442,1,0.8449583832722558,10545,0.0,188.3953745505497,360.0,0.0,1,0
781,0.0,1.0,0.054477335068406685,1,0.0,3366,2205.4477335068404,134.78209065972638,360.0,0.9818408883105311,0,0
782,0.0,1.0,2.1610664979306367,0,0.0,2947,1612.8250563737688,11.274654855144568,331.0080303724854,0.8389335020693633,2,0
783,0.0,0.13959538168832475,0.13959538168832475,1,0.0,3767,0.0,106.57861244233706,463.24855419740106,1.0,2,0
784,0.0,1.0,1.500502721031728,0,0.0,2726,1541.0412231246016,102.23919149781784,180.0,0.0,0,0
785,0.0388347344294232,0.9611652655705768,1.9223305311411536,0,0.0,2882,0.0,46.35921570502981,173.00974780270383,0.0,2,0
786,0.3032655146732228,0.0,0.0,1,0.0,3045,0.0,82.8444862505552,360.0,0.0,1,0
787,0.46291757280334456,0.5370824271966554,1.6112472815899663,1,0.0,5327,0.0,116.68296106736389,415.55010873640134,0.5370824271966554,2,0
788,0.0,0.6733487582039591,0.0,0,0.0,6135,0.0,190.23464444733654,360.0,0.3266512417960409,0,0
789,0.0,1.0,0.0,1,0.0,3688,2498.0820295604867,163.70492620452978,360.0,0.8278690037875887,1,0
790,0.0,1.0,0.7284570841802581,1,0.0,4410,1569.0971560594419,133.70240123221458,360.0,0.7284570841802581,0,0
791,1.0,1.0,0.0,1,0.0,4583,0.0,111.02705125094155,360.0,1.0,0,0
792,0.0,0.5427348383862715,0.5427348383862715,1,0.5427348383862715,9618,0.0,195.69659938362184,360.0,1.0,0,0
793,0.0,1.0,1.6840461500239627,0,0.0,3401,1954.9144619971244,113.10583847491613,360.0,0.0,0,0
794,0.0,1.0,0.0,0,0.0,1693,3704.1726875009012,180.0069563285537,360.0,0.0,1,0
795,0.0,1.0,2.177292189886643,1,0.0,3286,2534.1423741197045,142.3336335376639,360.0,0.41135390505667857,0,0
796,0.0,1.0,0.0,1,0.0,3153,4987.1706941587345,113.36975706756601,180.0,0.30048778923280617,0,0
797,0.0,0.0,0.0,1,0.8616469075821986,6017,4240.718487357327,146.42544065180005,204.90355663520424,1.0,1,0
798,0.0,1.0,0.0,1,0.0,6012,2512.317704702252,181.07078204429922,360.0,0.1327454222429698,0,0
799,0.0,0.030463132885841016,0.030463132885841016,1,0.0,8874,4374.179766756604,309.2489884483195,360.0,1.0,0,0
800,0.7145951041799521,0.2854048958200479,0.0,0,0.0,2415,1997.1403010354225,125.97617697814368,360.0,0.0,2,0
801,0.0,0.9589324832321242,0.04106751676787579,0,0.04106751676787579,2990,1660.9076279207834,103.69607650910882,475.0718979878549,0.0,1,0
802,0.0,1.0,2.0,0,0.39882090144479454,6227,1375.7369365970035,187.0,432.14149182662464,1.0,0,0
803,1.0,0.43352073758074205,0.0,1,0.43352073758074205,5452,0.0,126.5262119719318,427.977511490311,0.0,1,0
804,0.0,1.0,2.0,0,0.0,3358,1864.016827100817,121.72637956603361,360.0,0.0,0,0
805,0.0,0.2508605273466612,0.7525815820399836,0,0.0,5075,0.0,125.00344210938664,90.30978984479803,0.0,0,0
806,0.0,1.0,0.3686673486627401,1,0.0,3631,4143.233772895308,147.48402864383507,213.18006137964662,0.0,0,0
807,0.0,1.0,1.8382540667656047,0,0.0,2883,1855.3401688768572,129.41206506824966,369.7047559940637,0.0,1,0
808,0.0,0.0,0.0,0,0.0,6250,0.0,124.42471712410162,360.0,0.42831447494010777,0,0
809,0.0,0.6884999007653664,0.0,0,0.0,6090,0.0,151.5894973206649,360.0,1.0,1,0
810,0.05819359550844361,0.9418064044915564,1.8836128089831128,1,0.05819359550844361,4614,0.0,133.94180640449156,360.0,0.9418064044915564,1,0
811,0.0,1.0,0.25435881712055863,0,0.0,6122,0.0,212.23453347860067,360.0,0.08478627237351954,0,0
812,0.0,1.0,0.44235222973110444,1,0.0,4310,2693.8513741223765,137.42583824332849,237.91078459421516,1.0,1,0
813,0.0,0.23978735915740323,0.0,0,0.0,2052,0.0,14.387241549444195,360.0,0.7602126408425968,2,0
814,0.0,0.09387329008129175,0.09387329008129175,1,0.9061267099187083,16445,0.0,220.91297334503787,360.0,0.09387329008129175,2,0
815,0.0,0.8171340028926927,1.6342680057853853,1,0.0,4976,2052.2785124859724,185.0,360.0,1.0,0,0
816,0.0,0.06538600266029027,1.0653860026602904,0,0.9346139973397097,2780,1545.9885461622778,177.57665949454486,360.0,0.06538600266029027,1,0
817,1.0,0.0,0.3617294061566496,1,0.0,2458,0.0,87.23715230185806,360.0,1.0,0,0
818,0.0,1.0,0.0,1,0.0,6041,2414.8261061190747,222.11421063359495,360.0,0.0,0,0
819,1.0,0.34288867149983315,0.0,1,0.34288867149983315,5445,0.0,129.97023048300633,438.85335942002,0.0,1,0
820,0.0,1.0,0.0,0,0.0,2544,1881.3742428899034,134.73393464314933,360.0,0.43567289867789105,0,0
821,0.0,1.0,0.8098820503145445,0,0.0,2612,1823.5327385660291,131.38775895597635,360.0,0.26996068343818147,0,0
822,0.04771612769164879,1.0,0.9522838723083512,0,0.9522838723083512,1054,3032.2589674537044,113.24469668303212,360.0,0.9522838723083512,1,0
823,0.4339627895059237,0.0,0.0,1,0.0,2194,0.0,78.62266042221326,427.92446525928915,0.0,1,0
824,0.0,0.15864644764249103,1.1586464476424911,0,0.841353552357509,2797,1551.677433306192,159.8571749479267,360.0,0.15864644764249103,1,0
825,0.0,0.12016464780564218,0.0,0,0.0,6255,0.0,130.0164647805642,360.0,0.0,0,0
826,0.6581203332835984,1.0,0.0,0,0.3418796667164016,2632,3443.076917000448,135.38458500223808,298.4616599910477,0.0,1,0
827,0.0,0.0,0.0,1,0.09179906581344188,5836,3727.229976897566,293.4663784296326,343.4761681535805,1.0,0,0
828,0.0,1.0,0.09415698826856012,1,0.0,19598,4770.169299777763,563.4090108212008,360.0,1.0,0,0
829,0.0,0.3114133093912942,0.3114133093912942,1,1.0,10286,0.0,177.0347740994786,360.0,0.3114133093912942,1,0
830,0.02048947137849144,0.9795105286215086,0.02048947137849144,0,0.9795105286215086,4734,0.0,136.832100131426,360.0,1.0,1,0
831,0.0,0.17533026988933853,0.35066053977867706,1,0.0,5102,0.0,114.88282596575439,63.11889716016187,0.0,0,0
832,0.017161101831750236,1.0,0.0,0,0.0,2395,3790.3382996687246,3.0546761260515423,183.08899832971505,0.9828388981682498,1,0
833,0.23663557699608906,1.0,0.7633644230039109,0,0.0,2045,2998.8303000227797,128.38131250474578,360.0,0.7633644230039109,1,0
834,0.0,0.0,0.0,1,0.8069129770507795,6004,4204.21095569287,156.87962138330113,214.75566413085969,1.0,1,0
835,0.0,1.0,0.6926086421788016,0,0.0,4926,0.0,111.87543641354655,360.0,0.6536956789105992,0,0
836,0.4646738129396114,0.0,0.0,0,0.0,2738,0.0,71.97010719409417,160.59785611811657,0.5353261870603886,0,0
837,0.35022631735723664,0.0,1.0,1,0.6497736826427634,4702,0.0,97.24434206606908,360.0,1.0,0,0
838,0.048058924197033726,0.9519410758029663,2.855823227408899,0,0.0,4003,0.0,5.382599510067777,188.65060635546607,1.0,1,0
839,0.0,0.9491457315913859,0.0,1,0.0,5730,4547.756384648397,260.6952762256565,360.0,1.0,0,0
840,0.11331961270195245,0.8866803872980475,1.773360774596095,1,0.11331961270195245,4567,0.0,103.73954721916444,360.0,0.8866803872980475,1,0
841,0.0,0.0,0.26089362334171395,1,0.739106376658286,11065,0.0,112.48097943761368,360.0,0.739106376658286,1,0
842,0.9846954597096153,0.0,1.0153045402903849,0,0.9846954597096153,3862,0.0,62.734617933938466,360.0,0.9846954597096153,0,0
843,0.0,0.06656369192051703,0.06656369192051703,1,0.06656369192051703,8744,4221.315972607142,312.52633105059516,360.0,0.933436308079483,0,0
844,0.4989601160847408,0.0,0.0,1,0.0,9582,0.0,229.03119651745777,360.0,1.0,1,0
